[
  {
     "productName":"MEN'S JACKET",
     "productImageUrl":"http://images.thenorthface.com/is/image/TheNorthFace/236x204_CLR/mens-better-than-naked-jacket-AVMH_LC9_hero.png",
     "productPrize":"$ 237.00",
     "productText":"Men's wear is cotton based Men's wear is cotton based Men's wear is cotton based Men's wear is cotton based",
     "productUrl":"http://www.thenorthface.com/catalog/sc-gear/men-39-s-better-than-naked-8482-jacket.html"
  },
  {
     "productName":"WOMEN'S JACKET",
     "productImageUrl":"http://images.thenorthface.com/is/image/TheNorthFace/236x204_CLR/womens-better-than-naked-jacket-AVKL_NN4_hero.png",
     "productPrize":"$ 500.00",
     "productText":"Women's wear is cotton based Women's wear is cotton based Women's wear is cotton based Women's wear is cotton based",
     "productUrl":"http://www.thenorthface.com/catalog/sc-gear/women-39-s-better-than-naked-8482-jacket.html"
  },
  {
     "productName":"WOMEN'S SHOE",
     "productImageUrl":"http://images.thenorthface.com/is/image/TheNorthFace/236x204_CLR/womens-single-track-shoe-ALQF_JM3_hero.png",
     "productPrize":"$ 400.00",
     "productText":"Running shoes are best for running. Running shoes are best for running. Running shoes are best for running.",
     "productUrl":"http://www.thenorthface.com/catalog/sc-gear/womens-single-track.html"
      },
  {
     "productName":"Enduro Hydration Pack",
     "productImageUrl":"http://images.thenorthface.com/is/image/TheNorthFace/236x204_CLR/enduro-boa-hydration-pack-AJQZ_JK3_hero.png",
     "productPrize":"$ 600.00",
     "productText":"Equipment Equipment Equipment Equipment Equipment Equipment Equipment Equipment Equipment Equipment",
     "productUrl":"http://www.thenorthface.com/catalog/sc-gear/enduro-boa.html"
  }
]